{
	"name": "benchmark-parselynn-simple-1",
	"time": 38.95955057,
	"alltimes": [36.682205768, 38.95955057],
	"avgtime": 37.820878169,
	"deltas": [{
		"constructed input": 1.9714999999975724e-5,
		"constructed parser": 0.015518413000000009,
		"parsed input": 36.666662121,
		"end": 5.518999998344043e-6
	}, {
		"constructed input": 1.556899999854977e-5,
		"constructed parser": 0.02466526500000299,
		"parsed input": 38.934864687,
		"end": 5.048999994983205e-6
	}],
	"inputs": {
		"driver": "lr",
		"loadq": false,
		"seq_len": 41,
		"n_runs": 3000
	},
	"rundate": "2024-04-07T15:56:48-00:00",
	"euphrates_revision_id": "?",
	"euphrates_revision_date": "?",
	"euphrates_revision_title": "?"
}
